query,query_type,answer,hallucination_rate,groundedness_score,claim_count,unsupported_count,answer_relevance_1to5,context_relevance_1to5,confidence,response_time_s,llm_latency_s,gpu_throughput_toks_per_s,eff_gpu_throughput,gpu_util_percent,gpu_mem_percent,gpu_util_max_percent,gpu_mem_avg_percent,gpu_mem_peak_mb,gpu_mem_torch_peak_mb,gpu_monitor_samples,total_deployment_cost_usd,top_source,context_status,answer_mode_used,used_general_knowledge,retrieved_docs_count,top_retrieval_score,avg_retrieval_score,query_coverage
"What are the three broad elements introduced early in the book: applications, data, and problems?",fixed_rag,"The context is insufficient to answer the question about the three broad elements introduced early in the book: applications, data, and problems. The provided context does not mention these elements.",1.0,0.0,2,2,1,1,0.1841,12.6499,3.7846,9.5123,9.5123,87.2105,86.617,100.0,86.617,40052.625,38439.9517,19,0.0,introduction-to-machine-learning BY Alex Smola and S.V.N. Vishwanathan.pdf:page_9,partial_context,rag_only,False,2,0.4201,0.3982,0.8571
Which chapter covers optimization methods?,fixed_rag,Chapter 3 covers optimization methods.,0.0,1.0,1,0,5,5,0.7613,8.5814,1.4404,5.5539,5.5539,87.75,86.6949,100.0,86.6949,40072.625,38537.416,8,0.0,introduction-to-machine-learning BY Alex Smola and S.V.N. Vishwanathan.pdf:page_6,partial_context,rag_only,False,2,0.4701,0.4692,0.8
Which chapter introduces kernels and function spaces?,fixed_rag,Chapter 6 introduces kernels and function spaces.,0.0,1.0,1,0,5,5,0.8252,8.3654,1.511,6.6181,6.6181,89.875,86.5365,100.0,86.5365,40050.625,38463.7119,8,0.0,introduction-to-machine-learning BY Alex Smola and S.V.N. Vishwanathan.pdf:page_163,strong_context,rag_only,False,2,0.626,0.5973,0.8571
Which chapter discusses support vector classification?,fixed_rag,"The context is insufficient to determine which chapter discusses support vector classification. The provided context mentions support vectors and the C-Support Vector classifier, but it does not specify the chapter number.",1.0,0.0,2,2,2,5,0.2367,10.955,3.4414,10.7514,10.7514,93.3333,86.0452,100.0,86.0452,39688.625,38300.7856,18,0.0,introduction-to-machine-learning BY Alex Smola and S.V.N. Vishwanathan.pdf:page_177,partial_context,rag_only,False,2,0.5499,0.5021,1.0
Why is machine learning preferred over hand-crafted rules in web search ranking?,fixed_rag,"The context is insufficient to directly answer why machine learning is preferred over hand-crafted rules in web search ranking. However, it mentions that ""Increasingly machine learning rather than guesswork and clever engineering is used to automate the process of designing a good search engine"", implying that machine learning is used to improve the process, but the exact reason for its preference is not stated.",0.5,0.25,2,1,2,4,0.4299,17.6095,6.6972,11.1987,11.1987,93.0294,86.8466,100.0,86.8466,40052.625,38478.7432,34,0.0,introduction-to-machine-learning BY Alex Smola and S.V.N. Vishwanathan.pdf:page_11,strong_context,rag_only,False,2,0.6773,0.6221,1.0
How is collaborative filtering similar to webpage ranking despite lacking an explicit query?,fixed_rag,"Collaborative filtering is similar to webpage ranking because both involve obtaining a sorted list, with the key difference being that collaborative filtering lacks an explicit query and instead uses past user decisions to predict future habits.",0.0,1.0,1,0,5,5,0.8205,16.5967,3.9999,10.2503,10.2503,89.3,86.7807,100.0,86.7807,40052.625,38492.8062,20,0.0,introduction-to-machine-learning BY Alex Smola and S.V.N. Vishwanathan.pdf:page_12,strong_context,rag_only,False,2,0.654,0.5481,0.7692
Why can spam filtering and cancer diagnosis both be treated as classification problems?,fixed_rag,"The context is insufficient to directly answer why spam filtering and cancer diagnosis can both be treated as classification problems. The provided context discusses spam filtering as a classification problem and introduces basic algorithms for solving binary classification problems, but it does not mention cancer diagnosis.",0.5,0.5,2,1,1,5,0.5442,16.7824,4.6318,10.795,10.795,90.875,86.7644,100.0,86.7644,40050.625,38403.584,24,0.0,introduction-to-machine-learning BY Alex Smola and S.V.N. Vishwanathan.pdf:page_28,strong_context,rag_only,False,2,0.6027,0.5939,1.0
Why does data normalization matter when vector features use different scales?,fixed_rag,"The context is insufficient to directly answer why data normalization matters when vector features use different scales. Although it mentions that the scales and units of different coordinates may vary widely, it does not explicitly explain the importance of data normalization in this context.",1.0,0.0,2,2,2,5,0.1663,12.6186,4.4637,10.7535,10.7535,90.1304,86.7569,100.0,86.7569,40050.625,38397.2812,23,0.0,introduction-to-machine-learning BY Alex Smola and S.V.N. Vishwanathan.pdf:page_15,partial_context,rag_only,False,2,0.3936,0.3457,0.9091
Explain how many real-world problems can be reduced to a small number of learning prototypes.,fixed_rag,"The context is insufficient to provide a detailed explanation of how many real-world problems can be reduced to a small number of learning prototypes. However, it mentions that machine learning can appear in many guises and that there is a ""zoo of problems"" with a ""vast range of applications"" at its heart, suggesting that many problems can be addressed through machine learning, potentially reducing them to a smaller set of learning prototypes.",0.5,0.25,2,1,3,4,0.3395,19.0668,7.6163,11.2916,11.2916,94.0256,86.9018,100.0,86.9018,40072.625,38505.8979,39,0.0,introduction-to-machine-learning BY Alex Smola and S.V.N. Vishwanathan.pdf:page_18,partial_context,rag_only,False,2,0.458,0.4398,0.9375
How does the book connect probability theory with machine learning algorithms?,fixed_rag,"The context is insufficient to fully explain how the book connects probability theory with machine learning algorithms. However, it mentions that basic tools from statistics and probability theory will be discussed as they ""form the language in which many machine learning problems must be phrased to become amenable to solving"" (Context 1). This suggests that probability theory is a foundational element in machine learning, but the exact connection is not detailed in the provided context.",0.3333,0.5,3,1,2,4,0.5256,21.4023,7.5619,11.6373,11.6373,94.7895,86.23,100.0,86.23,39752.625,38365.7622,38,0.0,introduction-to-machine-learning BY Alex Smola and S.V.N. Vishwanathan.pdf:page_11,partial_context,rag_only,False,2,0.5618,0.5518,0.8182
Why is optimization central to many machine learning methods?,fixed_rag,"The context is insufficient to directly answer why optimization is central to many machine learning methods. While it mentions that many machine learning algorithms are formulated in terms of convex optimization problems, it does not explicitly state why optimization is central to machine learning.",1.0,0.0,2,2,2,5,0.2314,12.3333,4.4042,10.8986,10.8986,90.7273,86.2069,100.0,86.2069,39752.625,38390.4907,22,0.0,introduction-to-machine-learning BY Alex Smola and S.V.N. Vishwanathan.pdf:page_99,partial_context,rag_only,False,2,0.5191,0.5093,1.0
How do supervised learning tasks differ from density estimation tasks in objectives?,fixed_rag,"The context is insufficient to fully explain how supervised learning tasks differ from density estimation tasks in objectives. The provided context discusses density estimation and introduces the concept of the ""curse of dimensionality"" but does not explicitly compare supervised learning tasks with density estimation tasks in terms of objectives.",0.5,0.25,2,1,2,2,0.3707,15.2782,5.121,10.9354,10.9354,94.8846,86.818,100.0,86.818,40052.625,38444.3149,26,0.0,introduction-to-machine-learning BY Alex Smola and S.V.N. Vishwanathan.pdf:page_10,partial_context,rag_only,False,2,0.5462,0.4904,0.9091
Compare classification and regression tasks.,fixed_rag,"Based on the provided context, classification and regression tasks can be compared as follows:

- Classification tasks involve generating a yes/no answer or assigning a label to an observation, such as distinguishing between stars and diamonds, or classifying emails as spam or not spam. 
- Regression tasks involve finding a function that maps observations to real numbers, such as assessing the risk of cancer or estimating a continuous value.

The context does not provide a comprehensive comparison of the two tasks, but it highlights the difference in their objectives.",1.0,0.0,2,2,4,4,0.2001,21.4014,8.8889,11.475,11.475,94.7333,86.913,100.0,86.913,40072.625,38507.8374,45,0.0,introduction-to-machine-learning BY Alex Smola and S.V.N. Vishwanathan.pdf:page_19,partial_context,rag_only,False,2,0.4504,0.4389,0.8
Compare generative and discriminative modeling approaches.,fixed_rag,"The context is insufficient to compare generative and discriminative modeling approaches. The provided context appears to be a table of contents and references from a book on machine learning, but it does not contain any information that directly compares generative and discriminative modeling approaches.",1.0,0.0,2,2,1,1,0.18,13.9825,4.9962,10.408,10.408,91.24,86.8927,100.0,86.8927,40072.625,38572.3286,25,0.0,introduction-to-machine-learning BY Alex Smola and S.V.N. Vishwanathan.pdf:page_6,partial_context,rag_only,False,2,0.4055,0.3943,1.0
Compare nearest neighbor methods and parametric classifiers.,fixed_rag,"The context provided compares nearest neighbor methods and does not explicitly compare them to parametric classifiers. However, it discusses the advantages and limitations of nearest neighbor methods, such as their ability to yield excellent performance with a good distance measure, but also their potential noisiness when the data is noisy. 

The context is insufficient to provide a direct comparison between nearest neighbor methods and parametric classifiers.",0.3333,0.6667,3,1,2,4,0.6479,22.0642,7.0554,11.0553,11.0553,94.2778,86.9212,100.0,86.9212,40072.625,38541.7803,36,0.0,introduction-to-machine-learning BY Alex Smola and S.V.N. Vishwanathan.pdf:page_33,strong_context,rag_only,False,2,0.6404,0.6094,1.0
Compare kernel methods and linear models.,fixed_rag,"The context provided does not explicitly compare kernel methods and linear models. However, it can be inferred that kernel methods are an extension of linear models, as they allow for nonlinear decision boundaries by mapping the input space to a higher-dimensional feature space, where linear models can be applied. 

In the context, it is mentioned that ""simple estimators such as hyperplanes and half-spaces may be sufficient"" in a rich enough feature space, which implies that linear models can be used in the transformed space. This suggests that kernel methods can be seen as a way to generalize linear models to nonlinear cases. 

However, a direct comparison between kernel methods and linear models is not provided in the context, and more information would be needed to make a thorough comparison.",0.4,0.6,5,2,4,4,0.5755,32.2817,12.9046,11.7013,11.7013,95.6308,86.95,100.0,86.95,40072.625,38569.9048,65,0.0,introduction-to-machine-learning BY Alex Smola and S.V.N. Vishwanathan.pdf:page_169,partial_context,rag_only,False,2,0.5479,0.5431,1.0
What does it mean for a model to learn?,fixed_rag,"The context is insufficient to provide a clear definition of what it means for a model to learn. The provided context discusses various aspects of machine learning, such as types of learning (online, batch, transduction, active learning), data types, and applications, but does not explicitly define the concept of a model learning.",0.5,0.25,2,1,2,2,0.322,16.3125,5.8498,10.9405,10.9405,95.9,86.8766,100.0,86.8766,40072.625,38514.6255,30,0.0,introduction-to-machine-learning BY Alex Smola and S.V.N. Vishwanathan.pdf:page_18,partial_context,rag_only,False,2,0.4198,0.4003,0.8889
Why does more data sometimes help but not always?,fixed_rag,"The context is insufficient to answer why more data sometimes helps but not always. The provided context discusses various aspects of machine learning, such as data types, statistical modeling, and learning problems, but does not directly address the question of when more data is helpful.",1.0,0.0,2,2,1,4,0.1234,14.3647,4.7957,10.8431,10.8431,92.875,86.7644,100.0,86.7644,40050.625,38408.918,24,0.0,introduction-to-machine-learning BY Alex Smola and S.V.N. Vishwanathan.pdf:page_58,weak_context,rag_only,False,2,0.2752,0.2732,0.8889
What makes one algorithm better than another?,fixed_rag,"The context is insufficient to directly answer what makes one algorithm better than another. The provided context discusses specific algorithms, such as nearest neighbor classification and optimization techniques, but does not provide a general comparison of algorithms or the factors that make one algorithm better than another.",1.0,0.0,2,2,2,2,0.1657,14.816,5.0619,10.2729,10.2729,94.6154,86.8963,100.0,86.8963,40072.625,38581.0586,26,0.0,introduction-to-machine-learning BY Alex Smola and S.V.N. Vishwanathan.pdf:page_33,partial_context,rag_only,False,2,0.3697,0.367,1.0
How can a model generalize to data it has never seen before?,fixed_rag,"The context is insufficient to provide a clear answer on how a model can generalize to data it has never seen before. The provided context discusses various types of data, machine learning applications, and learning problems, but it does not explicitly address the concept of generalization to unseen data.",1.0,0.0,2,2,1,2,0.1843,14.0864,5.2113,10.7458,10.7458,94.7407,86.8643,100.0,86.8643,40072.625,38516.0796,27,0.0,introduction-to-machine-learning BY Alex Smola and S.V.N. Vishwanathan.pdf:page_17,partial_context,rag_only,False,2,0.4104,0.4087,1.0
Why is machine learning preferred over hand-crafted rules in web search ranking?,fixed_rag,"The context is insufficient to directly answer why machine learning is preferred over hand-crafted rules in web search ranking. However, it mentions that ""Increasingly machine learning rather than guesswork and clever engineering is used to automate the process of designing a good search engine"", implying that machine learning is used to improve the process, but the exact reason for its preference is not stated.",0.5,0.25,2,1,2,4,0.4299,17.6051,6.7043,11.1868,11.1868,92.9706,86.8466,100.0,86.8466,40052.625,38478.7432,34,0.0,introduction-to-machine-learning BY Alex Smola and S.V.N. Vishwanathan.pdf:page_11,strong_context,rag_only,False,2,0.6773,0.6221,1.0
How is collaborative filtering similar to webpage ranking despite lacking an explicit query?,fixed_rag,"Collaborative filtering is similar to webpage ranking because both involve obtaining a sorted list, with the key difference being that collaborative filtering lacks an explicit query and instead uses past user decisions to predict future habits.",0.0,1.0,1,0,5,5,0.8205,16.5592,3.9981,10.2549,10.2549,89.0,86.7807,100.0,86.7807,40052.625,38492.8062,20,0.0,introduction-to-machine-learning BY Alex Smola and S.V.N. Vishwanathan.pdf:page_12,strong_context,rag_only,False,2,0.654,0.5481,0.7692
Why can spam filtering and cancer diagnosis both be treated as classification problems?,fixed_rag,"The context is insufficient to directly answer why spam filtering and cancer diagnosis can both be treated as classification problems. The provided context discusses spam filtering as a classification problem and introduces basic algorithms for solving binary classification problems, but it does not mention cancer diagnosis.",0.5,0.5,2,1,1,5,0.5442,16.7697,4.6257,10.8092,10.8092,90.4583,86.7644,100.0,86.7644,40050.625,38403.584,24,0.0,introduction-to-machine-learning BY Alex Smola and S.V.N. Vishwanathan.pdf:page_28,strong_context,rag_only,False,2,0.6027,0.5939,1.0
Why does data normalization matter when vector features use different scales?,fixed_rag,"The context is insufficient to directly answer why data normalization matters when vector features use different scales. Although it mentions that the scales and units of different coordinates may vary widely, it does not explicitly explain the importance of data normalization in this context.",1.0,0.0,2,2,2,5,0.1663,12.6041,4.4637,10.7535,10.7535,91.6957,86.7569,100.0,86.7569,40050.625,38397.2812,23,0.0,introduction-to-machine-learning BY Alex Smola and S.V.N. Vishwanathan.pdf:page_15,partial_context,rag_only,False,2,0.3936,0.3457,0.9091
