query,query_type,answer,hallucination_rate,groundedness_score,answer_relevance_1to5,context_relevance_1to5,confidence,response_time_s,llm_latency_s,gpu_throughput_toks_per_s,eff_gpu_throughput,gpu_util_percent,gpu_mem_percent,gpu_util_max_percent,gpu_mem_avg_percent,gpu_mem_peak_mb,gpu_mem_torch_peak_mb,gpu_monitor_samples,total_deployment_cost_usd,top_source,context_status,answer_mode_used,used_general_knowledge,retrieved_docs_count,top_retrieval_score,avg_retrieval_score,query_coverage
"1. Compare Byte-Pair Encoding, unigram tokenization, and character-level modeling for morphologically rich languages such as Turkish and Finnish; under what corpus and compute conditions would each approach outperform the others?",no_retrieval,"Byte-Pair Encoding (BPE), unigram tokenization, and character-level modeling are different approaches to handling text in natural language processing tasks, particularly useful for morphologically rich languages like Turkish and Finnish.

### Byte-Pair Encoding (BPE)
- **Description**: BPE is a subword tokenization method that iteratively merges the most frequent pairs of characters or tokens into new tokens. This helps in capturing common morphological patterns.
- **Strengths**: Efficiently handles out-of-vocabulary words by breaking them down into learned subwords. Suitable for languages with complex morphology.
- **Weaknesses**: Requires careful tuning of the vocabulary size. Can be less effective if not tuned properly.
- **Outperformance Conditions**: When the corpus is large enough to capture many morphological variations and the compute resources allow for training on a larger vocabulary.

### Unigram Tokenization
- **Description**: Unigram tokenization models each token independently based on frequency. It can be seen as a more flexible version of BPE, where the merging process is probabilistic.
- **Strengths**: More flexible",1.0,0.0,4,1,0.0,39.002,32.4213,6.7857,6.7857,50.7778,74.7668,55.0,74.7668,34492.625,33091.4854,162,0.0,,no_context,no_retrieval,True,0,0.0,0.0,0.7
"2. If two language models have identical perplexity on a benchmark corpus but different downstream QA accuracy, analyze what this implies about the limits of perplexity as an evaluation metric.",no_retrieval,"Perplexity measures how well a language model predicts a sample text. However, if two models have identical perplexity scores but exhibit different performance in downstream tasks like question answering (QA), it suggests that perplexity alone is not sufficient to evaluate a model's effectiveness for specific tasks.

This discrepancy indicates that while both models predict text with equal proficiency according to perplexity, their internal representations or reasoning capabilities may differ, leading to varied performance in more complex tasks such as QA. Thus, perplexity does not capture all aspects of a model's utility, highlighting its limitations as a sole evaluation metric. Other metrics and task-specific evaluations are necessary to fully assess a model's capabilities.",1.0,0.0,4,1,0.0,25.257,19.1989,7.0317,7.0317,52.3958,74.6348,56.0,74.6348,34404.625,33040.1157,96,0.0,,no_context,no_retrieval,True,0,0.0,0.0,0.5862
"3. Compare n-gram smoothing methods, neural language models, and transformer pretraining for low-resource domains with rapidly shifting vocabulary such as medical emergencies.",no_retrieval,"In low-resource domains like medical emergencies, where the vocabulary is rapidly shifting, different language modeling techniques have distinct advantages and limitations:

1. **n-gram Smoothing Methods**: These methods estimate the probability of word sequences based on historical data. Techniques like Kneser-Ney or Laplace smoothing help mitigate issues with unseen n-grams. However, they struggle with capturing long-range dependencies and can be ineffective in rapidly evolving vocabularies due to limited context and data sparsity.

2. **Neural Language Models (NLMs)**: NLMs, such as RNN-based models, use neural networks to predict the next word in a sequence. They can capture more complex patterns and dependencies compared to n-grams. However, they may still face challenges with limited training data and might require substantial tuning to adapt to new terms quickly.

3. **Transformer Pretraining**: Transformers, especially those pretrained on large corpora (e.g., BERT, RoBERTa), excel at understanding context and handling long-range dependencies. Pretraining allows them to generalize better from limited domain-specific data. Fine",1.0,0.0,4,1,0.0,37.4132,31.6818,6.9441,6.9441,52.1069,74.7033,56.0,74.7033,34446.625,33047.5806,159,0.0,,no_context,no_retrieval,True,0,0.0,0.0,0.9167
"4. If a model uses retrieval-augmented generation and another uses only larger parametric memory, which is likely to age more gracefully over five years of changing knowledge, and why?",no_retrieval,"A model that uses retrieval-augmented generation is likely to age more gracefully over five years of changing knowledge. This is because retrieval-augmented models can access up-to-date information from external sources, such as the internet or databases, allowing them to incorporate new facts and correct outdated information without requiring retraining of their entire architecture. In contrast, a model relying solely on larger parametric memory would need periodic retraining with new data to stay current, which can be resource-intensive and may not always be feasible. Retrieval-augmented models thus have a built-in mechanism for staying relevant as knowledge evolves.",1.0,0.0,5,1,0.0,23.7731,16.8445,7.2427,7.2427,53.5294,74.6314,57.0,74.6314,34400.625,33056.876,85,0.0,,no_context,no_retrieval,True,0,0.0,0.0,0.8214
"5. Analyze whether contextual embeddings truly solved polysemy better than static embeddings, or whether they mainly shifted ambiguity into downstream fine-tuning.",no_retrieval,"Contextual embeddings, such as those produced by models like BERT, do address polysemy more effectively than static embeddings like Word2Vec or GloVe. Static embeddings represent each word with a single vector regardless of context, which can lead to issues with polysemous words (words with multiple meanings). In contrast, contextual embeddings generate different vectors for a word based on its context, allowing them to capture and differentiate between various meanings.

However, while contextual embeddings mitigate polysemy within their representations, they may shift some ambiguity to the downstream fine-tuning phase. The effectiveness in handling polysemy depends on how well the model is fine-tuned for specific tasks. If the downstream task does not have enough data or if the fine-tuning process is not robust, the model might still struggle with ambiguous contexts.

In summary, contextual embeddings improve handling of polysemy compared to static embeddings but rely heavily on effective fine-tuning to fully resolve ambiguities.",1.0,0.0,4,1,0.0,35.1649,26.8799,7.1801,7.1801,53.763,74.6511,58.0,74.6511,34418.625,33075.6055,135,0.0,,no_context,no_retrieval,True,0,0.0,0.0,0.55
"6. Compare logistic regression, feedforward neural networks, and transformers for sentiment classification when training data is small, noisy, and domain-shifted.",no_retrieval,"When dealing with small, noisy, and domain-shifted datasets for sentiment classification:

1. **Logistic Regression**: 
   - **Pros**: Simple, interpretable, and less prone to overfitting due to its linear nature. It can perform well with limited data if the relationship between features and labels is relatively straightforward.
   - **Cons**: Limited in capturing complex patterns and interactions within the data. It may struggle with noisy and domain-shifted data without careful feature engineering.

2. **Feedforward Neural Networks**:
   - **Pros**: Can capture more complex relationships compared to logistic regression. With regularization techniques (e.g., dropout), they can handle noise better.
   - **Cons**: Require more data to train effectively and are more prone to overfitting on small datasets. They might not generalize well to domain-shifted data without sufficient adaptation mechanisms.

3. **Transformers**:
   - **Pros**: Highly effective at capturing long-range dependencies and context, which is beneficial for text data. Pre-trained models like BERT can leverage large amounts of pre-existing data, making them robust",1.0,0.0,4,1,0.0,36.7145,31.3682,7.0135,7.0135,52.8917,74.4887,56.0,74.4887,34346.625,33024.1152,157,0.0,,no_context,no_retrieval,True,0,0.0,0.0,0.85
"7. If word error rate improves in an ASR system but user satisfaction falls, what hidden factors in dialogue systems or speech interfaces could explain the contradiction?",no_retrieval,"If the word error rate (WER) improves but user satisfaction decreases in an ASR system, several hidden factors could be at play:

1. **False Positives**: The system might be more confident in its transcriptions even when it makes errors, leading to less tolerance for mistakes by users.

2. **Contextual Understanding**: While WER may have improved, the system might still struggle with understanding context, leading to misinterpretations of user intent despite correct word recognition.

3. **Latency Issues**: Improved accuracy might come at the cost of increased processing time, making interactions feel slower and less responsive.

4. **User Expectations**: Users might expect overall performance improvements beyond just WER, such as better handling of accents, background noise, or natural language understanding.

5. **Feedback Mechanisms**: If the system does not provide clear feedback on errors or misunderstandings, users might become frustrated even if the WER has technically improved.

6. **System Adaptation**: The system might not adapt well to different speaking styles or dialects, causing dissatisfaction among diverse user groups.

These factors can",1.0,0.0,5,1,0.0,36.2637,31.3451,7.0186,7.0186,52.7389,74.6197,56.0,74.6197,34406.625,33035.0278,157,0.0,,no_context,no_retrieval,True,0,0.0,0.0,0.6538
"8. Compare constituency parsing and dependency parsing for machine translation, information extraction, and question answering; where does each representation fail structurally?",no_retrieval,"Constituency parsing and dependency parsing are two different approaches to syntactic analysis in natural language processing (NLP), each with its own strengths and weaknesses when applied to tasks like machine translation, information extraction, and question answering.

### Constituency Parsing
- **Structure**: Represents sentences as a tree of nested constituents (phrases) that form a hierarchical structure.
- **Strengths**:
  - Captures phrase structure and can be useful for understanding complex sentence structures.
  - Suitable for tasks requiring detailed syntactic information, such as certain types of machine translation and information extraction.
- **Weaknesses**:
  - Can become overly complex and deep, making it harder to extract specific relationships between words.
  - May not perform well in tasks where the focus is on direct relationships between words, such as question answering.

### Dependency Parsing
- **Structure**: Represents sentences as a directed graph where each word is connected directly to its head word, forming a flat structure.
- **Strengths**:
  - Simplifies the representation by focusing on direct relationships between words, which is beneficial",1.0,0.0,3,1,0.0,36.8244,31.2981,7.0292,7.0292,52.7452,74.4869,57.0,74.4869,34344.625,33028.0884,157,0.0,,no_context,no_retrieval,True,0,0.0,0.0,0.7368
"9. If a multilingual model performs well on English and Spanish but poorly on Thai and Tamil, determine whether tokenization, script frequency, morphology, or benchmark design is the most likely bottleneck.",no_retrieval,"The most likely bottleneck in this scenario is the **script frequency**. The model may not have been trained extensively on scripts used in Thai and Tamil, which are less common in global digital content compared to Latin scripts used for English and Spanish. This lack of exposure can lead to poorer performance on languages with different writing systems. Additionally, morphology could also play a role, as Thai and Tamil have distinct morphological structures that might be more complex or different from those in English and Spanish. However, given the context, script frequency seems to be the primary issue.",1.0,0.0,4,1,0.0,21.4181,15.9818,7.008,7.008,52.75,74.6288,57.0,74.6288,34400.625,33044.6841,80,0.0,,no_context,no_retrieval,True,0,0.0,0.0,0.5862
"10. Analyze whether larger context windows reduce the need for external memory systems, or whether they mainly postpone retrieval problems at higher cost.",no_retrieval,"Larger context windows in models like transformers can indeed reduce the immediate need for external memory systems by allowing the model to retain more information within its internal state over longer sequences. This can improve performance on tasks that require understanding extended contexts, such as long-form text generation or complex reasoning.

However, while larger context windows mitigate some issues related to limited context, they do not entirely eliminate the need for external memory systems. The increased window size comes with higher computational costs, including greater memory usage and processing time. Additionally, there are still scenarios where information spans beyond even these expanded windows, necessitating external memory to store and retrieve relevant data efficiently.

In summary, larger context windows primarily postpone retrieval problems rather than eliminating them, often at a higher computational cost. External memory systems remain valuable for managing information that exceeds the practical limits of context window sizes.",1.0,0.0,4,1,0.0,28.916,23.662,7.1,7.1,53.2017,74.6006,56.0,74.6006,34390.625,33032.6558,119,0.0,,no_context,no_retrieval,True,0,0.0,0.0,0.8182
"11. Compare instruction tuning, preference optimization, and supervised fine-tuning as alignment strategies; which best improves usefulness without degrading factual robustness?",no_retrieval,"Instruction tuning, preference optimization, and supervised fine-tuning are all methods used to align large language models with human preferences or goals, but they approach this task differently:

1. **Instruction Tuning**: This involves training a model on a dataset of instructions and their corresponding correct responses. The goal is to improve the model’s ability to follow instructions accurately and generate useful outputs. However, it may not explicitly address the model's factual accuracy.

2. **Preference Optimization**: This method uses human feedback to rank different model outputs for the same input, optimizing the model to produce outputs that humans prefer. It can lead to more aligned and useful outputs but might introduce biases or degrade factual robustness if the preferences do not prioritize accuracy.

3. **Supervised Fine-Tuning**: This involves further training a pre-existing model on a labeled dataset where each input has a desired output. This method aims to improve specific aspects of the model’s performance, including factual accuracy and usefulness. It can be more controlled in terms of maintaining factual robustness compared to preference optimization.

Among these, **supervised fine-tuning** is",1.0,0.0,4,1,0.0,36.84,31.2583,7.0381,7.0381,52.6306,74.7473,56.0,74.7473,34466.625,33066.2476,157,0.0,,no_context,no_retrieval,True,0,0.0,0.0,0.5
"12. If an LLM becomes stronger at chain-of-thought reasoning but weaker at calibration, is it actually more useful in high-stakes settings such as medicine or law?",no_retrieval,"An LLM becoming stronger at chain-of-thought reasoning but weaker at calibration presents a mixed scenario for high-stakes settings like medicine or law. Enhanced chain-of-thought reasoning can improve the depth and logical coherence of its analyses and recommendations. However, poor calibration means the model may overestimate or underestimate the confidence in its answers, leading to unreliable predictions or decisions. In critical fields where accuracy and reliability are paramount, this unreliability could be detrimental. Therefore, while the LLM might provide more logically sound arguments, its overall usefulness could be compromised due to miscalibration issues.",1.0,0.0,4,1,0.0,22.4724,16.6583,7.0836,7.0836,52.6905,74.7151,58.0,74.7151,34440.625,33081.3838,84,0.0,,no_context,no_retrieval,True,0,0.0,0.0,0.6786
"13. Compare dense retrieval and sparse retrieval for enterprise search when documents are technical, multilingual, and frequently updated.",no_retrieval,"Dense retrieval and sparse retrieval differ in how they represent and match documents to queries, which impacts their performance with technical, multilingual, and frequently updated documents.

**Dense Retrieval:**
- Uses continuous vector representations (embeddings) for both queries and documents.
- Captures semantic similarity well, making it effective for understanding complex and technical content.
- Generally more robust to language variations, beneficial for multilingual documents.
- Requires retraining or updating embeddings when new documents are added, which can be computationally expensive.

**Sparse Retrieval:**
- Relies on discrete features like term frequency-inverse document frequency (TF-IDF).
- More straightforward to update as new documents are added since it primarily involves indexing.
- Less effective at capturing semantic nuances, potentially leading to poorer performance with highly technical content.
- May struggle with multilingual documents unless sophisticated language-specific preprocessing is applied.

In summary, dense retrieval excels in semantic understanding and multilingual support but requires more computational resources for updates, while sparse retrieval is simpler to maintain but may not capture the depth of meaning needed for technical documents.",1.0,0.0,5,1,0.0,37.917,31.2256,7.0455,7.0455,53.0897,74.6136,57.0,74.6136,34404.625,33033.584,156,0.0,,no_context,no_retrieval,True,0,0.0,0.0,0.75
"14. If a translation model achieves higher BLEU but lower human preference scores, what does this reveal about metric mismatch and semantic adequacy?",no_retrieval,"This reveals that there is a metric mismatch between automatic evaluation metrics like BLEU and human judgment. A higher BLEU score indicates that the translated text has more n-gram overlap with reference translations, suggesting surface-level similarity. However, lower human preference scores suggest that while the translations may be grammatically correct and fluent, they might lack semantic adequacy or naturalness from a human perspective. This discrepancy highlights the limitations of BLEU in capturing the full quality of translations, particularly in terms of meaning preservation and contextual appropriateness.",1.0,0.0,5,1,0.0,22.8711,15.1408,7.0009,7.0009,52.3158,74.6218,57.0,74.6218,34394.625,33036.8315,76,0.0,,no_context,no_retrieval,True,0,0.0,0.0,0.5652
"15. Analyze whether scaling laws imply inevitable progress, or whether data quality, architecture changes, and energy constraints could break historical trends.",no_retrieval,"Scaling laws often suggest that as systems grow in size or complexity, certain performance metrics improve predictably. However, this does not necessarily imply inevitable progress due to several factors:

1. **Data Quality**: High-quality data is crucial for training models effectively. Poor data can lead to suboptimal performance, regardless of model size.

2. **Architecture Changes**: Innovations in model architecture can sometimes outpace gains from sheer scale. New architectures might be more efficient or effective, breaking existing trends.

3. **Energy Constraints**: Larger models require more computational resources and energy, which can become limiting factors. Energy efficiency and sustainability concerns may force a shift towards more efficient designs rather than larger ones.

These factors indicate that while scaling laws have historically shown progress, they do not guarantee it indefinitely without addressing these challenges.",1.0,0.0,4,1,0.0,29.4784,22.8079,7.0589,7.0589,52.5789,74.5963,56.0,74.5963,34388.625,33032.043,114,0.0,,no_context,no_retrieval,True,0,0.0,0.0,0.7
"16. Compare RNNs, LSTMs, and transformers for streaming speech recognition where latency matters more than peak benchmark accuracy.",no_retrieval,"For streaming speech recognition where latency is critical:

- **RNNs (Recurrent Neural Networks)**: RNNs process data sequentially, which can introduce higher latency due to their dependency on previous time steps. They are less effective in handling long-term dependencies without modifications.

- **LSTMs (Long Short-Term Memory networks)**: LSTMs are a type of RNN designed to handle long-term dependencies better through memory cells and gates. However, they still suffer from sequential processing, leading to higher latency compared to parallelizable models.

- **Transformers**: Transformers use self-attention mechanisms that allow parallel processing of input sequences, significantly reducing latency. They excel at capturing long-range dependencies and have become the preferred choice for many real-time applications, including speech recognition.

In summary, while RNNs and LSTMs may offer good accuracy, transformers generally provide lower latency, making them more suitable for streaming speech recognition when latency is a priority.",1.0,0.0,4,1,0.0,31.9179,27.0584,7.0958,7.0958,53.2941,74.6926,56.0,74.6926,34436.625,33065.543,136,0.0,,no_context,no_retrieval,True,0,0.0,0.0,0.6667
"17. If a named entity recognizer performs poorly on emerging public figures and startups, determine whether the root cause is annotation lag, tokenization bias, knowledge staleness, or evaluation design.",no_retrieval,"The root cause is likely **knowledge staleness**. Named entity recognizers rely on training data that reflects known entities at the time of training. Emerging public figures and startups are not present in older datasets, leading to poor performance on these new entities. Regular updates to the model with newer data can help mitigate this issue.",1.0,0.0,4,1,0.0,14.4423,9.199,7.066,7.066,51.2174,74.6054,56.0,74.6054,34386.625,33051.0767,46,0.0,,no_context,no_retrieval,True,0,0.0,0.0,0.4828
18. Compare FrameNet-style semantic role labeling and end-to-end transformer extraction for event understanding in legal documents with long cross-references.,no_retrieval,"FrameNet-style semantic role labeling (SRL) and end-to-end transformer extraction are two different approaches to event understanding in text, particularly useful in analyzing complex documents like legal texts.

**FrameNet-style SRL:**
- **Approach:** This method relies on predefined frames or semantic structures that represent events and their participants. It identifies roles such as Agent, Patient, etc., within these frames.
- **Strengths:** Provides detailed and structured information about the relationships between entities and events. Well-suited for domain-specific tasks where the structure of events is known and can be modeled.
- **Weaknesses:** Requires extensive manual annotation and frame definition, which can be labor-intensive and time-consuming. May struggle with novel or ambiguous events not covered by existing frames.

**End-to-end Transformer Extraction:**
- **Approach:** Utilizes deep learning models, specifically transformers, to automatically extract and understand events from text without explicit frame definitions. Transformers capture context through self-attention mechanisms, making them effective for long-range dependencies.
- **Strengths:** Can handle large volumes of data and learn from patterns",1.0,0.0,4,1,0.0,36.7035,31.3416,7.0194,7.0194,52.758,74.7029,56.0,74.7029,34446.625,33063.0215,157,0.0,,no_context,no_retrieval,True,0,0.0,0.0,0.8182
"19. If two chatbots have equal benchmark scores but users trust one far more, analyze the roles of tone, uncertainty expression, memory consistency, and conversational repair.",no_retrieval,"Even if two chatbots have equal benchmark scores, user trust can still vary based on several factors:

1. **Tone**: A chatbot with a more empathetic and friendly tone is likely to be perceived as more trustworthy. Users tend to trust chatbots that convey warmth and understanding.

2. **Uncertainty Expression**: Chatbots that appropriately express uncertainty when they don't know something are often seen as more reliable. This transparency builds trust by showing honesty and avoiding false confidence.

3. **Memory Consistency**: A chatbot that consistently remembers previous interactions and maintains context throughout conversations appears more reliable and competent, thereby increasing user trust.

4. **Conversational Repair**: The ability to effectively handle and correct misunderstandings or errors in conversation (conversational repair) enhances trust. Users appreciate chatbots that can gracefully recover from mistakes and continue the interaction smoothly.

These elements contribute significantly to user perception and trust beyond just technical performance metrics.",1.0,0.0,5,1,0.0,31.7503,26.7926,7.0542,7.0542,53.2537,74.654,56.0,74.654,34420.625,33039.6187,134,0.0,,no_context,no_retrieval,True,0,0.0,0.0,0.7308
"20. Compare whether future NLP progress is more likely to come from bigger models, better retrieval systems, multimodal grounding, or improved symbolic-neural hybrids.",no_retrieval,"Future advancements in Natural Language Processing (NLP) are likely to come from a combination of approaches, but each has its unique potential:

1. **Bigger Models**: Larger models like GPT-3 and T5 have shown significant improvements in various NLP tasks due to their ability to capture more complex patterns in data. However, they also face challenges related to computational cost, overfitting, and interpretability.

2. **Better Retrieval Systems**: Enhanced retrieval systems can improve efficiency and accuracy by effectively fetching relevant information from large datasets. This approach is particularly useful for tasks requiring context-aware responses and can complement generative models.

3. **Multimodal Grounding**: Integrating multiple modalities (e.g., text, images, audio) can provide richer context and enable more sophisticated understanding and generation of content. This is crucial for applications like image captioning, video description, and cross-modal retrieval.

4. **Improved Symbolic-Neural Hybrids**: Combining symbolic reasoning with neural networks can address some of the limitations of purely neural approaches, such as lack of explainability and",1.0,0.0,4,1,0.0,36.5336,31.2717,7.0351,7.0351,52.7261,74.7066,56.0,74.7066,34448.625,33053.1162,157,0.0,,no_context,no_retrieval,True,0,0.0,0.0,0.7917
