query,query_type,answer,hallucination_rate,groundedness_score,unsupported_count,claim_count,answer_relevance_1to5,answer_relevance_reason,context_relevance_1to5,confidence,response_time_s,llm_latency_s,gpu_throughput_toks_per_s,eff_gpu_throughput,gpu_util_percent,gpu_mem_percent,gpu_util_max_percent,gpu_mem_avg_percent,gpu_mem_peak_mb,gpu_mem_torch_peak_mb,gpu_monitor_samples,prompt_tokens,generated_tokens,total_deployment_cost_usd,top_source,context_status,answer_mode_used,used_general_knowledge,retrieved_docs_count,top_retrieval_score,avg_retrieval_score,query_coverage
What architecture is proposed in Attention Is All You Need?,no_retrieval,"""Attention Is All You Need"" is a research paper that proposes a neural network architecture. The proposed architecture is based on self-attention mechanisms, which allow the model to focus on different parts of the input data and weigh their importance. This is achieved through the use of attention weights, which are learned during training and are used to compute a weighted sum of the input elements.

The specific architecture proposed in the paper is a type of recurrent neural network (RNN) that uses self-attention to process input sequences. The model consists of an encoder and a decoder, both of which are RNNs. The encoder takes in a sequence of tokens (e.g. words or characters) and outputs a sequence of vectors, which are then used by the decoder to generate the output sequence.

The key innovation of the proposed architecture is the use of self-attention mechanisms to allow the model to focus on different parts of the input sequence and to capture long-range dependencies. This is achieved through the use of attention weights, which are learned during training and are used to compute a weighted sum of the input elements.",1.0,0.0,9,9,5,"The answer provides a clear and detailed explanation of the architecture proposed in the paper, directly addressing the question.",1,0.0,33.3616,28.995,7.5875,7.5875,51.0897,72.5156,55.0,72.5156,71025.125,69420.5957,145,82,220,0.0,,no_context,no_retrieval,True,0,0.0,0.0,0.8889
How many encoder and decoder layers are used in the base Transformer model?,no_retrieval,"In the base Transformer model, introduced by Vaswani et al. in 2017, there are 6 encoder layers and 6 decoder layers.",1.0,0.0,2,2,5,Directly answers the question,1,0.0,6.2762,3.9592,8.0823,8.0823,50.75,72.4813,54.0,72.4813,70957.125,69377.105,20,85,32,0.0,,no_context,no_retrieval,True,0,0.0,0.0,0.7692
What is the model dimensionality (d_model) used in the base model?,no_retrieval,The model dimensionality (d_model) used in the base model is 512.,1.0,0.0,1,1,5,The answer directly addresses the question by providing the specific model dimensionality used in the base model.,1,0.0,6.4033,2.2774,7.9036,7.9036,48.5833,72.4769,54.0,72.4769,70951.125,69378.3726,12,87,18,0.0,,no_context,no_retrieval,True,0,0.0,0.0,0.8889
What optimizer is used during training in the paper?,no_retrieval,"Unfortunately, I don't have information about a specific paper you are referring to. Could you please provide more context or details about the paper, such as its title or a brief summary? This will help me better understand your question and provide a more accurate answer.",1.0,0.0,3,3,1,Lack of context,1,0.0,9.2533,6.6025,8.0273,8.0273,51.1212,72.4837,54.0,72.4837,70963.125,69375.3428,33,81,53,0.0,,no_context,no_retrieval,True,0,0.0,0.0,0.2222
How does multi-head attention improve learning compared with a single attention head?,no_retrieval,"Multi-head attention improves learning compared to a single attention head in several ways:

1. **Increased representation capacity**: Multiple attention heads allow the model to jointly attend to information from different representation subspaces at different positions and scales, enabling it to capture a wider range of contextual relationships and dependencies.
2. **Specialization and diversification**: Each attention head can specialize in attending to different types of information or different parts of the input, which can lead to a more comprehensive understanding of the input data.
3. **Robustness to noise and outliers**: With multiple attention heads, the model can average out the effects of noise and outliers, reducing the impact of individual noisy or outlier data points on the overall representation.
4. **Improved handling of long-range dependencies**: Multi-head attention can capture long-range dependencies more effectively, as different heads can focus on different parts of the input sequence, allowing the model to better understand relationships between distant elements.
5. **Parallelization of computation**: In some architectures, multiple attention heads can be computed in parallel, which can lead to significant computational efficiency improvements.

However, it's",1.0,0.0,6,6,5,"The answer provides a clear and detailed explanation of how multi-head attention improves learning compared to a single attention head, covering various aspects such as increased representation capacity, specialization, robustness to noise, and improved handling of long-range dependencies.",1,0.0,36.1572,28.1409,7.8178,7.8178,51.8369,72.5168,54.0,72.5168,71025.125,69421.5269,141,85,220,0.0,,no_context,no_retrieval,True,0,0.0,0.0,0.7273
How does the decoder ensure autoregressive generation while using self-attention?,no_retrieval,"The decoder in a sequence-to-sequence model, such as a transformer, ensures autoregressive generation while using self-attention by masking the future tokens in the output sequence. 

This is achieved through a technique called ""causal masking"" or ""future token masking"". During training, the model is only allowed to attend to the previous tokens in the output sequence, not the future ones. This is done by applying a mask to the self-attention mechanism, which prevents the model from attending to the tokens that have not been generated yet.

By doing so, the model is forced to generate the output sequence one token at a time, based on the previous tokens it has generated, rather than looking ahead at the entire output sequence. This autoregressive generation process allows the model to generate coherent and context-dependent output sequences.

In other words, the self-attention mechanism is modified to only consider the previously generated tokens when generating the next token, effectively creating a causal dependency between the tokens in the output sequence.",1.0,0.0,7,7,5,The answer fully addresses the question by explaining the concept of causal masking in self-attention mechanisms for autoregressive generation.,1,0.0,30.6583,25.4655,7.9323,7.9323,52.1719,72.5146,54.0,72.5146,71017.125,69416.2114,128,86,202,0.0,,no_context,no_retrieval,True,0,0.0,0.0,0.7273
How do residual connections and layer normalization contribute to stable training?,no_retrieval,"Residual connections and layer normalization are two techniques used in deep learning to contribute to stable training.

1. **Residual Connections**: Residual connections, also known as skip connections or residual links, are a type of connection in neural networks that allow the input to be passed directly to later layers, bypassing the intermediate layers. This helps in several ways:
* **Mitigating vanishing gradients**: By providing an alternate path for the gradient to flow, residual connections help mitigate the vanishing gradient problem, which can cause the gradients to become very small as they backpropagate through the network.
* **Ease of training**: Residual connections make it easier to train deep networks by providing multiple paths for the gradient to flow, reducing the dependence on any single layer.
* **Improved generalization**: Residual connections can help improve the generalization of the network by allowing it to learn more abstract representations.

2. **Layer Normalization**: Layer normalization is a technique used to normalize the activations of each layer in a neural network. This is typically done by subtracting the mean and dividng by the standard",1.0,0.0,8,8,5,The answer provides a clear and detailed explanation of how residual connections and layer normalization contribute to stable training in deep learning.,1,0.0,32.7292,27.9444,7.8728,7.8728,51.4786,72.5172,54.0,72.5172,71021.125,69420.8862,140,83,220,0.0,,no_context,no_retrieval,True,0,0.0,0.0,0.8182
How does the Transformer replace recurrence while still modeling dependencies between distant tokens?,no_retrieval,"The Transformer architecture replaces recurrence with self-attention mechanisms, which allow it to model dependencies between distant tokens in a single step. 

This is achieved through the use of:

1. **Self-Attention Mechanism**: The Transformer uses self-attention to weigh the importance of different tokens in the input sequence relative to each other. This allows the model to capture long-range dependencies and relationships between tokens.

2. **Query-Key-Value (QKV) Attention**: The Transformer uses QKV attention to compute the attention weights. The query (Q) represents the context in which the attention is being computed, the key (K) represents the tokens being attended to, and the value (V) represents the tokens being used to compute the output.

3. **Multi-Head Attention**: The Transformer uses multi-head attention to allow the model to jointly attend to information from different representation subspaces at different positions. This helps the model to capture a richer set of contextual relationships.

By using these mechanisms, the Transformer can effectively replace recurrence and model dependencies between distant tokens in a single step. This allows the model to",1.0,0.0,10,10,5,The answer fully addresses the question by explaining how the Transformer replaces recurrence with self-attention mechanisms to model dependencies between distant tokens.,1,0.0,33.495,28.4614,7.7298,7.7298,51.0979,72.5172,54.0,72.5172,71023.125,69421.5107,143,85,220,0.0,,no_context,no_retrieval,True,0,0.0,0.0,0.6154
Evaluate why the Transformer outperformed recurrent models on machine translation tasks.,no_retrieval,"The Transformer model outperformed recurrent models on machine translation tasks for several reasons:

1. **Parallelization**: Transformers can be parallelized more easily than recurrent neural networks (RNNs), which makes them much faster to train. This is because the self-attention mechanism in Transformers allows for parallel computation, whereas RNNs have a sequential dependency.
2. **Ability to handle long-range dependencies**: The self-attention mechanism in Transformers enables the model to capture long-range dependencies in input sequences more effectively than RNNs. This is particularly important in machine translation, where the context of a sentence can span multiple words or even the entire sentence.
3. **Reducing the impact of vanishing gradients**: Transformers do not suffer from the vanishing gradient problem that affects RNNs during backpropagation. This is because the self-attention mechanism does not involve recursive multiplications, which can lead to vanishing gradients.
4. **Improved representation learning**: The multi-head attention mechanism in Transformers allows the model to jointly attend to information from different representation subspaces at different positions, enabling the model to learn",1.0,0.0,8,8,5,The answer provides a clear and detailed explanation of why the Transformer outperformed recurrent models on machine translation tasks.,1,0.0,32.9184,28.2528,7.7868,7.7868,51.6761,72.5189,54.0,72.5189,71029.125,69421.5737,142,85,220,0.0,,no_context,no_retrieval,True,0,0.0,0.0,0.8182
Discuss the significance of self-attention as the core sequence modeling mechanism.,no_retrieval,"Self-attention, also known as intra-attention, is a core sequence modeling mechanism in the field of natural language processing (NLP) and deep learning. It allows a model to attend to different parts of the input sequence simultaneously and weigh their importance, enabling the model to capture long-range dependencies and contextual relationships.

The significance of self-attention can be understood from the following aspects:

1. **Parallelization**: Self-attention enables parallelization of sequential data, which is particularly useful for long sequences where recurrent neural networks (RNNs) may struggle due to vanishing gradients.
2. **Flexibility**: It allows the model to focus on different parts of the input sequence and capture complex relationships between them, making it a powerful tool for tasks like machine translation, question answering, and text summarization.
3. **Efficient use of context**: Self-attention helps models to use context more efficiently by allowing them to selectively focus on the most relevant parts of the input sequence, rather than processing the entire sequence sequentially.
4. **Improved performance**: Self-attention has been shown to improve the",1.0,0.0,7,7,5,The answer thoroughly discusses the significance of self-attention as a core sequence modeling mechanism.,1,0.0,32.0809,28.1095,7.8265,7.8265,51.4113,72.5177,54.0,72.5177,71025.125,69421.5151,141,85,220,0.0,,no_context,no_retrieval,True,0,0.0,0.0,0.9091
Analyze why positional encoding is necessary in a non-recurrent architecture.,no_retrieval,"In a non-recurrent architecture, as opposed to a recurrent neural network (RNN), positional encoding is necessary because the model lacks the ability to inherently capture sequential relationships between input elements, such as words in a sentence or characters in a string. 

Non-recurrent models, like feedforward neural networks, process input sequences in parallel, without maintaining an internal state that changes over time. This means they don't have a built-in understanding of the position or order of elements within the sequence.

Positional encoding schemes, such as positional embeddings or sinusoidal positional encoding, add information about the position of each element in the sequence to the input embeddings themselves. This allows the model to understand the relative positions of elements and capture sequential dependencies, even though it doesn't have recurrent connections.

Without positional encoding, a non-recurrent model would treat all elements in the input sequence as if they were independent and unordered, which would severely limit its ability to model sequential data effectively. By adding positional information to the input embeddings, the model can learn to represent sequences in a way that respects their inherent order, enabling it to",1.0,0.0,7,7,5,The answer clearly explains why positional encoding is necessary in a non-recurrent architecture.,1,0.0,31.3106,27.482,8.0052,8.0052,52.2899,72.5178,54.0,72.5178,71025.125,69421.5151,138,85,220,0.0,,no_context,no_retrieval,True,0,0.0,0.0,0.8182
Explain the impact of parallelization on Transformer training efficiency.,no_retrieval,"Parallelization is a technique used to speed up the training process of large neural network models, including Transformers. The impact of parallelization on Transformer training efficiency is significant. 

By distributing the computation across multiple devices, such as GPUs or TPUs. parallelization can substantially reduce the training time of Transformer models. This is because the workload is split among the devices. allowing each device to process a portion of the data in parallel.

The benefits of parallelization on Transformer training efficiency include:

1. **Faster training times**: Parallelization can reduce the training time from days or weeks to hours. making it possible to train larger models and explore different architectures.
2. **Improved scalability**: Parallelization enables training larger models that would be impossible to train on a single device due to memory constraints.
3. **Better resource utilization**: By utilizing multiple devices. parallelization can make more efficient use of computational resources. reducing the overall cost of training.

However. parallelization also introduces some challenges. such as:

1. **Communication overhead**: The need to communicate between devices can introduce additional overhead. which can slow down",1.0,0.0,12,12,5,"The answer thoroughly explains the impact of parallelization on Transformer training efficiency, including its benefits and challenges.",1,0.0,31.6325,27.3896,8.0322,8.0322,52.2701,72.5169,54.0,72.5169,71027.125,69420.9014,137,83,220,0.0,,no_context,no_retrieval,True,0,0.0,0.0,0.8889
Compare the Transformer with recurrent neural networks in terms of parallelization.,no_retrieval,"The Transformer and Recurrent Neural Networks (RNNs) are both types of neural network architectures used for sequence-to-sequence tasks, such as language translation and text generation. However, they differ significantly in their approach to parallelization.

**Recurrent Neural Networks (RNNs):**
RNNs are inherently sequential, meaning that each time step is computed one after the other. This makes it challenging to parallelize RNNs, as each time step depends on the previous one. However, there are some techniques to parallelize RNNs, such as:
1. **Truncated Backpropagation Through Time (BPTT)**: This method approximates the gradients of the loss function with respect to the model's parameters by truncating the backpropagation through time.
2. **Parallelizing across the batch dimension**: Instead of parallelizing across time steps, RNNs can be parallelized across the batch dimension.

**Transformers:**
Transformers, on the other hand, are designed to be parallelizable from the ground up. They use self-attention mechanisms to model relationships",1.0,0.0,11,11,4,"The answer provides a good comparison of Transformer and RNNs in terms of parallelization, highlighting the challenges of parallelizing RNNs and the inherent parallelizability of Transformers.",1,0.0,33.806,27.5558,7.9838,7.9838,52.2101,72.5173,54.0,72.5173,71025.125,69421.2627,138,84,220,0.0,,no_context,no_retrieval,True,0,0.0,0.0,0.8182
Compare self-attention and encoder-decoder attention.,no_retrieval,"Self-attention and encoder-decoder attention are both mechanisms used in deep learning models, particularly in the field of natural language processing (NLP). The primary difference between them lies in their application and functionality:

1. **Self-Attention**: This mechanism allows a model to attend to different parts of its own input or internal state, weighing their importance. It's commonly used in sequence-to-sequence models like transformers, where the input sequence is a sentence or a set of tokens. Self-attention enables the model to focus on specific tokens or parts of the input when generating each output token, thus capturing long-range dependencies and contextual relationships within the input sequence.

2. **Encoder-Decoder Attention**: This mechanism is used in sequence-to-sequence models as well, but it specifically enables the decoder to focus on different parts of the encoder's output when generating each output token. The encoder processes the input sequence and generates a continuous representation, and the decoder then uses attention to selectively focus on parts of this representation to generate the output sequence. Encoder-decoder attention is crucial for tasks like machine translation, where the",1.0,0.0,8,8,5,The answer provides a clear and detailed comparison of self-attention and encoder-decoder attention.,1,0.0,32.4199,28.2385,7.7908,7.7908,51.6338,72.5164,54.0,72.5164,71025.125,69420.2651,142,81,220,0.0,,no_context,no_retrieval,True,0,0.0,0.0,0.8333
Compare sinusoidal positional encodings and learned positional embeddings.,no_retrieval,"Sinusoidal positional encodings and learned positional embeddings are two techniques used in natural language processing (NLP) and machine learning to incorporate positional information into models.

**Sinusoidal Positional Encodings:**
These are fixed, predefined encodings that use sine and cosine functions to generate positional embeddings. The idea is to create a set of learnable, yet fixed, embeddings that can be added to the input embeddings of a sequence (like a sentence) to preserve the order of the sequence. This approach was introduced in the Transformer model and is based on the mathematical properties of sine and cosine functions, which allow the model to capture relative positions and distances between tokens in the input sequence.

**Learned Positional Embeddings:**
In contrast, learned positional embeddings are learned during training and are specific to the model and task at hand. These embeddings are typically learned through self-supervised learning objectives, such as next sentence prediction or masked language modeling, and are adapted to the specific requirements of the task. Learned positional embeddings can capture more complex patterns and relationships in the data than fixed sinusoidal encodings.",1.0,0.0,9,9,5,"The answer provides a clear and detailed comparison of sinusoidal positional encodings and learned positional embeddings, addressing the question directly and thoroughly.",1,0.0,32.7657,27.6485,7.957,7.957,52.295,72.517,54.0,72.517,71025.125,69420.5986,139,82,220,0.0,,no_context,no_retrieval,True,0,0.0,0.0,0.8571
Compare the base Transformer model and the big Transformer model.,no_retrieval,"The base Transformer model and the big Transformer model are both part of the Transformer family, which was introduced in the paper ""Attention Is All You Need"" by Vaswani et al. in 2017. 

The key differences between the two models are:

1. **Model Size**: The base model has approximately 110 million parameters, while the big model has around 340 million parameters. This increase in size allows the big model to capture more complex patterns and relationships in the data.

2. **Layer Count**: The base model typically has 6 encoder layers and 6 decoder layers, whereas the big model has 12 encoder layers and 12 decoder layers.

3. **Hidden Size**: The base model has a hidden size of 512, while the big model has a hidden size of 1024.

4. **Performance**: The big model generally performs better than the base model on a wide range of natural language processing tasks, including translation, question-answering, and text generation. However, this comes at the cost of increased computational requirements and training time.

5. **",1.0,0.0,8,8,4,The answer provides a clear comparison of the base and big Transformer models.,1,0.0,31.6592,27.6367,7.9604,7.9604,52.259,72.5168,54.0,72.5168,71025.125,69420.583,139,82,220,0.0,,no_context,no_retrieval,True,0,0.0,0.0,0.8571
Why was the Transformer considered a breakthrough?,no_retrieval,"The Transformer, introduced in 2017 by Vaswani et al., was considered a breakthrough in the field of natural language processing (NLP) for several reasons:

1. **Attention Mechanism**: The Transformer introduced the self-attention mechanism, which allows the model to weigh the importance of different input elements (e.g., words or characters) when generating output. This innovation enabled the model to handle long-range dependencies and contextual relationships more effectively.

2. **Parallelization**: The Transformer was designed to be highly parallelizable, making it possible to train large models on multiple GPUs simultaneously. This led to significant speedups in training time and enabled the development of much larger and more complex models.

3. **Sequence-to-Sequence Modeling**: The Transformer was the first model to successfully apply sequence-to-sequence modeling to machine translation and other NLP tasks. This approach allows the model to generate output sequences of varying lengths, rather than being limited to fixed-length outputs.

4. **State-of-the-Art Results**: The Transformer achieved state-of-the-art results in various NLP tasks, such as machine",1.0,0.0,8,8,5,"The answer provides a clear and detailed explanation of why the Transformer was considered a breakthrough, addressing the question directly and providing specific reasons for its impact.",1,0.0,33.1655,27.7382,7.9313,7.9313,52.1583,72.5152,54.0,72.5152,71023.125,69419.6353,139,79,220,0.0,,no_context,no_retrieval,True,0,0.0,0.0,0.8571
What does attention mean in this paper?,no_retrieval,"In the context of this paper, which I'm not directly familiar with, attention likely refers to the cognitive process of selectively concentrating on certain aspects of the environment or a task while ignoring others. 

In the field of psychology and neuroscience, attention is a complex mental process that involves filtering out irrelevant information, focusing on relevant stimuli, and allocating cognitive resources to process and respond to the selected information.

Without more context about the specific paper you're referring to, it's difficult to provide a more precise definition. If you have more details or a specific passage from the paper, I may be able to offer a more tailored explanation.",1.0,0.0,4,4,4,"Answer provides a relevant and accurate definition of attention in a general sense, but lacks specificity due to the absence of direct context from the paper.",1,0.0,20.7541,15.55,8.0386,8.0386,51.8974,72.4968,54.0,72.4968,70987.125,69389.9424,78,79,125,0.0,,no_context,no_retrieval,True,0,0.0,0.0,0.5714
Why are multiple heads better than one?,no_retrieval,"The phrase ""two heads are better than one"" is a common idiom that suggests that when people work together and share their knowledge, ideas, and perspectives, they can achieve more and make better decisions than one person working alone. This is because:

1. **Diverse perspectives**: Multiple people bring different experiences, skills, and viewpoints to the table, which can lead to a more comprehensive understanding of a problem or situation.
2. **Collective knowledge**: When individuals share their knowledge and expertise, the group can access a broader range of information and insights, leading to more informed decision-making.
3. **Improved problem-solving**: Collaborative thinking can help identify and address potential pitfalls and flaws in a plan, as well as generate innovative solutions that might not have been considered by a single person.
4. **Error detection and correction**: With multiple people reviewing and discussing an idea, errors or flaws are more likely to be detected and corrected, reducing the risk of mistakes.
5. **Enhanced creativity**: The interaction and exchange of ideas among group members can stimulate creativity, leading to novel and innovative solutions",1.0,0.0,7,7,5,"The answer provides a clear and well-structured explanation for why multiple heads are better than one, addressing the question directly and offering several relevant points.",1,0.0,33.1419,27.6398,7.9595,7.9595,52.2662,72.5159,54.0,72.5159,71021.125,69419.6582,139,79,220,0.0,,no_context,no_retrieval,True,0,0.0,0.0,0.8571
How does the model understand sequence order?,no_retrieval,"The model understands sequence order through various mechanisms, including:

1. **Positional Encoding**: The model uses positional encoding to preserve the order of the input sequence. This is achieved by adding a fixed vector to the embedding of each token in the sequence, based on its position. This allows the model to capture the sequential relationships between tokens.

2. **Self-Attention Mechanism**: The self-attention mechanism in the transformer architecture allows the model to attend to different parts of the input sequence simultaneously and weigh their importance. This enables the model to capture long-range dependencies and understand the sequence order.

3. **Recurrent Neural Network (RNN) Architecture**: Although the transformer architecture is primarily used for sequence-to-sequence tasks, the model's understanding of sequence order is also influenced by the RNN architecture. The RNN architecture processes the input sequence one token at a time, maintaining a hidden state that captures the context and sequence order.

4. **Training Data**: The model is trained on large amounts of sequential data, which helps it learn patterns and relationships between tokens in a sequence. This training data",1.0,0.0,10,10,4,The answer provides a clear and detailed explanation of how the model understands sequence order.,1,0.0,31.6185,27.7028,7.9414,7.9414,52.3525,72.5155,54.0,72.5155,71023.125,69419.6357,139,79,220,0.0,,no_context,no_retrieval,True,0,0.0,0.0,0.7143
